dericwright,Password123!,Deric,Wright,plus

matteovescera,Password123!,Matteo,Vescera,standard

stefanovisentin,Password123!,Stefano,Visentin,standard

darshavala,Password123!,Darshan,Vala,plus

panatdawiangngoen,Password123!,Panatda,Wiangngoen,standard

nghiatroung,Password123!,Nghia,Troung,plus

